[easy_words]
Access,Accommodation,Action,Actor,Actress,Addition,Adult,Age,Agent,Aircraft,Airport,Alarm,Album,Alcohol,Ambulance,Angel,Angle,Anti,Antique,Apartment,Apple,Application,Appointment,Architect,Area,Arrival,Art,Artist,Assembly,Assistant,Athlete,Atmosphere,Auctioneer,Authority,Baby,Back,Bacon,Bag,Balance,Ball,Balloon,Banana,Band,Bank,Banker,Bar,Barn,Barrel,Barrier,Base,Basket,Bat,Bathroom,Bay,Beach,Beam,Bean,Bear,Beast,Bed,Bedroom,Bee,Beef,Beer,Bell,Belt,Bench,Bidder,Bill,Bin,Bird,Birth,Biscuit,Bit,Block,Board,Boat,Body,Bomb,Bond,Book,Boom,Boot,Border,Boss,Bottle,Bottom,Bowl,Box,Boy,Boyfriend,Brain,Branch,Brass,Bread,Breakfast,Breast,Brick,Bride,Bridge,Bronze,Brother,Bubble,Bucket,Bug,Builder,Building,Bull,Bullet,Bungalow,Bus,Butter,Butterfly,Button,Buyer,Cabinet,Cafe,Cake,Camera,Camp,Canal,Cancer,Candidate,Cap,Capital,Captain,Car,Carbon,Card,Carpet,Carrot,Case,Cash,Castle,Casualty,Cat,Cattle,Cave,Ceiling,Celebrity,Cell,Chain,Chair,Chamber,Champagne,Champion,Change,Channel,Chaos,Chap,Character,Charge,Charm,Chart,Check,Cheese,Chest,Chick,Chicken,Child,Chip,Chocolate,Choir,Church,Cigarette,Cinema,Circle,Citizen,City,Client,Cliff,Clip,Clock,Cloud,Club,Coach,Coat,Coffee,Colleague,Collector,College,Comedian,Computer,Connection,Consumer,Contact,Contestant,Control,Cook,Copper,Copy,Core,Corner,Correspondent,Costume,Councillor,Couple,Course,Court,Cousin,Cow,Crab,Crack,Craft,Cream,Creation,Cricket,Criminal,Critic,Crop,Cross,Crown,Cub,Cue,Cup,Cupboard,Cushion,Customer,Cut,Dad,Dancer,Darling,Dart,Date,Daughter,Day,Dealer,Death,Decoration,Deer,Defender,Design,Desk,Dessert,Detective,Device,Diamond,Diet,Dinner,Dinosaur,Director,Dish,Display,Doctor,Document,Dog,Doll,Door,Drawer,Drawing,Dress,Drink,Driver,Drug,Duck,Earth,Edge,Editor,Egg,Egghead,Elephant,Emergency,Employee,Employer,End,Enemy,Engine,Engineer,Entrance,Envelope,Equipment,Exchange,Executive,Expert,Eye,Face,Facility,Factor,Factory,Failure,Fairy,Fan,Farm,Farmer,Fashion,Father,Fault,Feather,Feature,Female,Fence,Fighter,Figure,File,Film,Finger,Fire,Fish,Flag,Flat,Flight,Flood,Floor,Flour,Food,Fool,Foot,Footage,Football,Footballer,Forest,Foundation,Fox,Frame,Fridge,Friend,Frog,Front,Furniture,Future,Game,Gang,Gap,Garage,Garden,Gate,Gear,Genius,Gentleman,Ghost,Giant,Gig,Ginger,Girl,Girlfriend,Glass,Glove,Goal,Goat,God,Government,Grandfather,Grass,Green,Grey,Grip,Ground,Grounds,Growth,Guard,Guest,Guide,Guitar,Gun,Gut,Guy,Habit,Hall,Hammer,Hand,Hat,Head,Heart,Heating,Heel,Heir,Helicopter,Hero,Hill,Hole,Honey,Hope,Horn,Horror,Horse,Hospital,Host,Hotel,House,Housing,Hunt,Hunter,Husband,Ice,Idiot,Impression,Individual,Influence,Infrastructure,Ingredient,Insect,Inspiration,Institution,Instrument,Internet,Invention,Investment,Investor,Iron,Island,Item,Jacket,Jail,Jam,Jet,Job,Journalist,Judge,Juice,Key,Kid,Killer,King,Kiss,Kit,Kitchen,Knee,Knife,Lab,Ladder,Lady,Lake,Lamb,Lamp,Land,Landing,Landscape,Lane,Lap,Lawyer,Layer,Lead,Leader,Leaf,Leg,Legend,Lemon,Length,Letter,Level,Library,Lid,Life,Light,Limit,Line,Link,Lion,Lip,Load,Local,Location,Lock,Loser,Lot,Lounge,Lover,Lunch,Machine,Mail,Maker,Male,Man,Map,Mass,Master,Match,Mate,Material,Mayor,Meal,Measure,Medicine,Member,Memory,Menu,Mess,Milk,Mill,Mine,Mirror,Mix,Model,Monkey,Monster,Moon,Mother,Motor,Mountain,Mouse,Mouth,Movement,Museum,Mushroom,Music,Musician,Nail,Name,Nation,Nature,Neck,Nest,Net,Newspaper,Nose,Novel,Number,Nurse,Nut,Ocean,Office,Official,Oil,Onion,Opening,Opera,Orange,Organ,Oven,Owner,Pack,Package,Page,Pain,Paint,Painting,Panel,Parent,Park,Parliament,Part,Party,Passenger,Pasta,Pastry,Patch,Path,Patient,Pea,Pen,Pensioner,Personality,Pet,Photograph,Piano,Picture,Pie,Piece,Pig,Pigeon,Pile,Pilot,Pin,Pipe,Pit,Pizza,Plan,Plane,Planet,Plant,Plate,Platform,Pocket,Pod,Point,Pole,Policeman,Politician,Poll,Pond,Pool,Pop,Pork,Port,Portrait,Post,Poster,Pot,Potato,Pound,Power,Prayer,Predator,Presence,President,Press,Prey,Price,Priest,Print,Prison,Prisoner,Product,Proof,Property,Protection,Pub,Pudding,Quarter,Rabbit,Radio,Rail,Railway,Range,Rat,Ray,Record,Red,Referee,Relative,Release,Relief,Reporter,Reserve,Resident,Rest,Restaurant,Return,Rice,Ride,Rider,Ring,Rival,River,Road,Roast,Rock,Rocket,Roll,Roof,Room,Rope,Round,Row,Rule,Runner,Rush,Sake,Salad,Salmon,Salt,Sample,Sand,Sandwich,Sauce,Sausage,Scale,School,Scientist,Scorer,Screen,Sculpture,Sea,Seal,Seat,Secretary,Section,Sector,Security,Seed,Self,Servant,Service,Set,Shark,Sheep,Sheet,Shelf,Shell,Shelter,Ship,Shirt,Shock,Shoe,Shop,Shopping,Shore,Shot,Shoulder,Shower,Side,Singer,Sir,Sister,Sky,Slice,Smoke,Snake,Snow,Society,Sock,Sofa,Soil,Soldier,Son,Sort,Soul,Sound,Soup,Source,Space,Specialist,Spice,Spider,Spirit,Spoon,Sport,Spot,Spring,Square,Stadium,Staff,Stage,Stake,Star,Station,Steel,Step,Stick,Stock,Stone,Stranger,Strawberry,Stream,Street,Stretch,String,Stroke,Structure,Student,Studio,Study,Stuff,Style,Subject,Sugar,Suicide,Suit,Suite,Sum,Sun,Supermarket,Support,Supporter,Surface,Surgeon,Suspect,Sweetheart,Swing,Sword,System,Tail,Talent,Tank,Tape,Target,Taste,Taxpayer,Tea,Teacher,Technology,Telephone,Television,Ten,Tennis,Tent,Term,Test,Text,Thief,Thing,Thumb,Tie,Tiger,Tile,Toast,Toe,Toilet,Tomato,Tongue,Tool,Top,Tourist,Tower,Town,Toy,Track,Trail,Train,Trainer,Trap,Tray,Treasure,Tree,Trophy,Trousers,Truck,Truth,Tube,Tunnel,Twin,Type,Uncle,Unit,Universe,University,Upstairs,Valley,Value,Van,Vase,Vegetable,Vehicle,Vessel,Victim,Video,View,Viewer,Visitor,Volunteer,Voter,Wall,Ward,Wardrobe,Watch,Water,Wave,Way,Weapon,Weather,Weight,Whale,Wheel,Wife,Wind,Window,Wine,Wing,Winner,Wire,Witness,Wolf,Woman,Wood,Word,Work,Worker,World,Worm,Writer,Yard,Youth
[medium_words]
Academy,Accountant,Ace,Acid,Addict,Administrator,Adventurer,Adviser,Airline,Aisle,Ally,Ambassador,Analyst,Ancestor,Ant,Apprentice,Arch,Architecture,Archive,Arena,Array,Arrow,Asparagus,Ass,Assault,Astronaut,Attacker,Aunt,Backbencher,Backdrop,Badger,Bait,Baker,Ballroom,Banquet,Barbecue,Barge,Bark,Baseball,Basement,Basketball,Bass,Bastard,Batter,Battery,Beak,Beard,Bearing,Beetle,Berry,Bicycle,Bishop,Bitch,Bite,Blade,Blanket,Boardroom,Bob,Boiler,Bolt,Bomber,Bow,Boxer,Bracelet,Brake,Brandy,Breach,Bridesmaid,Broadcaster,Brooch,Brush,Buck,Buddy,Buffalo,Bully,Bun,Bunker,Bunny,Burger,Burglar,Burner,Bush,Businessman,Bust,Butcher,Butt,Cab,Cabbage,Cabin,Cable,Cadet,Cage,Calf,Camel,Cameraman,Campaigner,Can,Candle,Candy,Cane,Cannabis,Cannon,Canvas,Caravan,Cargo,Carriage,Carrier,Cart,Caterpillar,Cathedral,Cereal,Chalk,Chapel,Cherry,Chimney,Cider,Cigar,Circuit,Circus,Civilian,Clam,Classic,Classroom,Claw,Clay,Climber,Clinic,Clothing,Clown,Coaster,Cocaine,Cock,Cocktail,Coconut,Cod,Coffin,Cog,Collar,Column,Commentator,Commissioner,Commodity,Commuter,Companion,Compass,Component,Composer,Composition,Compound,Conductor,Cone,Conservatory,Constituent,Constitution,Container,Continent,Contractor,Cooker,Cookie,Cooler,Copycat,Cord,Coriander,Corn,Corridor,Cotton,Counter,Cowboy,Cracker,Crane,Crocodile,Crumb,Crust,Crystal,Cube,Cuckoo,Cucumber,Cuisine,Curtain,Custard,Cutting,Cyclist,Dairy,Deck,Den,Dentist,Depression,Deputy,Destiny,Developer,Devil,Diary,Diner,Dip,Disco,Disposal,Ditch,Diver,Dock,Dolphin,Donkey,Donor,Doorway,Dose,Doughnut,Draft,Drain,Drill,Drum,Drummer,Dump,Eagle,Earring,Economist,Eel,Elbow,Electric,Embassy,Empire,Enamel,Enclosure,Engineering,Entertainer,Enthusiast,Entrepreneur,Establishment,Exit,Explorer,Export,Fabric,Fake,Fare,Farmhouse,Fennel,Ferry,Filter,Fin,Finalist,Finding,Firework,Fisherman,Fitting,Fixture,Flap,Flash,Flea,Foam,Follower,Fork,Formation,Fossil,Founder,Fountain,Fraction,Framework,Freak,Fringe,Frost,Fur,Fuse,Gardener,General,Gent,Gin,Giraffe,Globe,Goalkeeper,Goddess,Golfer,Goose,Gorilla,Gossip,Governor,Grab,Grace,Grade,Graduate,Grain,Gram,Grandchild,Granddaughter,Grandma,Grandparent,Grandson,Grant,Grape,Grave,Gravy,Greenhouse,Grid,Groom,Guinea,Gum,Hairdresser,Hallway,Ham,Hamster,Handbag,Hare,Haven,Hay,Hazard,Header,Headquarters,Hedge,Hedgehog,Helmet,Hen,Herb,Heroin,High,Highway,Historian,Hobby,Holder,Hoof,Hook,Hoop,Hub,Hurdle,Iceberg,Ideal,Immigrant,Import,Inventor,Investigator,Jar,Jaw,Jeans,Jelly,Jewel,Jockey,Joint,Jug,Jumper,Junction,Junior,Kettle,Keyboard,Kidney,Kite,Kitten,Knight,Knot,Landlord,Laptop,Laser,Launch,Laundry,Leak,Leek,Lender,Lens,Leopard,Lettuce,Lever,Liar,Lifeboat,Lifeline,Lighthouse,Lighting,Lime,Liner,Litter,Liver,Livestock,Lizard,Loaf,Lobster,Loft,Loop,Lorry,Low,Machinery,Mackerel,Madam,Magistrate,Magnet,Maid,Mainland,Making,Mammal,Mango,Mansion,Manufacturer,Marble,Marker,Mash,Mask,Masterpiece,Mat,Mechanism,Medium,Memorial,Mentor,Merchant,Meringue,Meter,Microphone,Midwife,Millionaire,Miner,Mint,Mistress,Monarch,Monastery,Monitor,Monk,Mosque,Moth,Motorist,Mousse,Mug,Murderer,Mussel,Mustard,Necklace,Needle,Nephew,Nick,Niece,Noodle,Notion,Novelist,Objective,Obstacle,Octopus,Opener,Operator,Opposite,Orchestra,Otter,Ounce,Output,Outsider,Owl,Oyster,Packet,Pad,Paddock,Painter,Palace,Pancake,Paramedic,Parrot,Parsley,Particle,Passage,Pasty,Patio,Patron,Pavement,Paw,Payer,Peach,Peanut,Pear,Peer,Pencil,Penguin,Performer,Perfume,Photographer,Pickle,Picnic,Pier,Pill,Pillar,Pillow,Pineapple,Pioneer,Pirate,Pistol,Plain,Plaque,Plaster,Playground,Pledge,Plug,Plum,Plumber,Plumbing,Poet,Poker,Porcelain,Porridge,Pottery,Prawn,Predecessor,Prescription,Prince,Princess,Professional,Professor,Prop,Prostitute,Puff,Pulse,Pump,Pumpkin,Punch,Pup,Puppet,Puppy,Puree,Puzzle,Pyramid,Rack,Radar,Rag,Rainbow,Ramp,Raspberry,Reactor,Reader,Recording,Recruit,Reef,Reflection,Refugee,Register,Regulator,Representation,Representative,Researcher,Reservoir,Residence,Restoration,Retailer,Rib,Ribbon,Ridge,Rifle,Rig,Risotto,Rod,Rogue,Roller,Rose,Royal,Rubber,Ruin,Ruler,Rum,Runway,Sack,Saddle,Sail,Sailor,Salesman,Salon,Salsa,Satellite,Saw,Scallop,Scarf,Scenery,Scissors,Scooter,Scrap,Scratch,Screw,Seafood,Seaside,Seaweed,Seller,Sequence,Sergeant,Serviceman,Setting,Shade,Shallot,Shopper,Shorts,Shrimp,Sibling,Silk,Sin,Sink,Skeleton,Sketch,Ski,Skipper,Skirt,Slate,Slave,Sleeve,Slope,Slot,Snail,Snap,Soap,Solicitor,Spade,Spaghetti,Speaker,Spectacle,Spectator,Sphere,Spinach,Spine,Spokesman,Sponge,Spotlight,Spy,Squash,Squirrel,Stable,Stag,Statue,Steak,Stew,Stitch,Stool,Storey,Straightaway,Straw,Striker,Strip,Stunt,Submarine,Substitute,Supper,Supplier,Survivor,Suspension,Swan,Sweep,Sweet,Swimmer,Syrup,Tattoo,Teapot,Teaspoon,Tee,Telescope,Temple,Tenant,Tender,Terminal,Terrace,Terror,Terrorist,Thigh,Third,Thread,Throat,Throne,Thyme,Timber,Tobacco,Tortoise,Towel,Tractor,Trader,Trailer,Trainee,Transfer,Trench,Triangle,Trout,Trunk,Tub,Tuna,Turbine,Turf,Turkey,Turnover,Turtle,Umbrella,Underwear,Uniform,Unionist,User,Utility,Vaccine,Vacuum,Vampire,Vanilla,Variation,Vault,Vein,Venison,Veteran,Vicar,Villager,Villain,Vinegar,Vintage,Violin,Virus,Vodka,Volcano,Wagon,Waiter,Walker,Wallet,Walnut,Ware,Warehouse,Warrior,Web,Wheat,Wheelchair,Whip,Wicket,Widow,Wig,Wilderness,Wool,Workshop,Wreck,Yacht,Yield,Yolk
[hard_words]
Abattoir,Abbey,Abomination,Absentee,Abstraction,Abuser,Abyss,Accelerator,Accessory,Accomplice,Accordion,Accoutrement,Accuser,Acetate,Achiever,Acoustic,Acquaintance,Acrobat,Acrylic,Adder,Additive,Adjudicator,Admiral,Admirer,Adolescent,Adopter,Adornment,Adulterer,Adversary,Advertiser,Advocate,Aerosol,Affiliate,Aficionado,Afterthought,Aide,Airfield,Airhead,Airliner,Airlock,Airplane,Airship,Airstrip,Albatross,Albino,Alchemist,Alcoholic,Alcove,Ale,Alga,Alley,Alligator,Almond,Alpaca,Altar,Altarpiece,Alternator,Alto,Alum,Alumnus,Amateur,Amigo,Ammonite,Ammunition,Amphetamine,Amphibian,Amphora,Amplifier,Amputee,Amulet,Anachronism,Anaconda,Anarchist,Anathema,Anatomist,Anchor,Anchovy,Ancient,Android,Anemone,Angler,Animator,Anise,Annex,Announcer,Anomaly,Anteater,Antelope,Antenna,Anthropologist,Antibiotic,Antidepressant,Antidote,Antiquity,Antler,Anvil,Ape,Aperitif,Aperture,Aphid,Aphrodisiac,Apparatus,Apparition,Appendage,Appliance,Applicant,Apricot,Apron,Aquarium,Aqueduct,Aquifer,Arachnid,Arbiter,Archbishop,Archipelago,Architrave,Archivist,Archway,Aristocrat,Ark,Armadillo,Armament,Armband,Armchair,Arrowhead,Arsonist,Artichoke,Artillery,Artiste,Ascent,Ashtray,Aspirin,Assassin,Assessor,Asshole,Associate,Asteroid,Astrologer,Astronomer,Atheist,Atoll,Atrium,Attache,Attachment,Attendant,Attire,Auditor,Auditorium,Aurora,Automaton,Autopilot,Avatar,Avenue,Aviary,Aviator,Avocado,Avocet,Axis,Axle,Baboon,Babysitter,Bachelor,Backbench,Backbone,Backer,Backpack,Backpacker,Backseat,Backup,Backwater,Backyard,Baddie,Bagel,Baggage,Bagpipe,Bailiff,Baize,Bakery,Balaclava,Bale,Ballast,Ballerina,Ballpark,Baluster,Bandage,Banding,Bandit,Bandstand,Bandwagon,Banger,Bangle,Banjo,Banner,Banshee,Bap,Barb,Barber,Barbershop,Bard,Baritone,Barley,Barmaid,Barometer,Baron,Baronet,Barrack,Barracuda,Barrister,Bartender,Basin,Bassist,Bassoon,Bastion,Bathtub,Baton,Batting,Battleship,Bayonet,Bazaar,Bazooka,Beacon,Bead,Beagle,Beaker,Beanbag,Beanie,Bearer,Beater,Beautician,Beaver,Bedbug,Bedfellow,Bedrock,Beehive,Beekeeper,Beeper,Beet,Beggar,Beignet,Belfry,Believer,Bellboy,Bellows,Bend,Bender,Benefactor,Beneficiary,Beret,Berg,Berk,Berth,Best,Beverage,Bib,Bidet,Bigot,Bijou,Bikini,Billboard,Billet,Billionaire,Bimbo,Binder,Binoculars,Biographer,Biologist,Biplane,Birch,Birdcage,Birder,Bison,Bisque,Bistro,Biter,Blackberry,Blackboard,Blackjack,Blacksmith,Bladder,Blancmange,Blank,Blaster,Blazer,Blender,Blind,Blindfold,Bling,Blockade,Blockage,Blockbuster,Blocker,Blogger,Bloodhound,Bloomers,Blouse,Blower,Blowtorch,Blueberry,Bluefin,Blueprint,Bluff,Boa,Boardwalk,Boater,Boatman,Boatyard,Bobbin,Bobby,Bodice,Bodybuilder,Bodyguard,Bodywork,Boffin,Bog,Bogey,Bogeyman,Bollard,Bollock,Bombshell,Bonanza,Bonbon,Bongo,Bonnet,Booby,Bookcase,Bookend,Bookmaker,Bookmark,Bookseller,Bookshelf,Bookshop,Boomer,Boomerang,Booster,Booth,Bore,Borrower,Bosom,Boson,Bot,Botanist,Bottleneck,Boudoir,Bouillabaisse,Boulder,Bouncer,Bounty,Bouquet,Bourbon,Bourgeois,Boutique,Bowler,Brace,Bracket,Braid,Bran,Breadcrumb,Breadwinner,Breaker,Bream,Breastplate,Breech,Breeches,Breeder,Brew,Brewer,Brewery,Bricklayer,Brickwork,Bridle,Brie,Briefcase,Briefs,Brim,Brine,Brioche,Brisket,Broadside,Brocade,Broccoli,Bronco,Broom,Broomstick,Broth,Brown,Brownie,Browser,Brunch,Buckle,Budgerigar,Buff,Buffer,Buffet,Buggy,Bugle,Bulgur,Bulkhead,Bulldog,Bulldozer,Bullfighter,Bullion,Bumblebee,Bumper,Bundle,Bung,Bungee,Bunting,Bur,Bureau,Bureaucrat,Burr,Burrow,Businesswoman,Busker,Bustard,Bustle,Butler,Buttermilk,Butterscotch,Buttery,Buttonhole,Buttress,Butty,Bystander,Byway,Cabaret,Caber,Cache,Cachet,Cad,Caddie,Cafeteria,Caiman,Cairn,Calculator,Calculus,Caller,Cam,Camcorder,Cameo,Camouflage,Camper,Canape,Candelabrum,Candlestick,Candyfloss,Canine,Canister,Cannibal,Cannonball,Canoe,Canoeist,Canon,Canopy,Canteen,Canyon,Capacitor,Cape,Caper,Capitalist,Cappuccino,Capsule,Captor,Capuchin,Capybara,Caramel,Caraway,Cardamom,Cardigan,Cardinal,Cardiologist,Caretaker,Caribou,Carnivore,Carousel,Carp,Carpenter,Carport,Carriageway,Carrion,Carton,Cartoonist,Cartouche,Cartridge,Cartwheel,Carving,Cascade,Cashew,Casing,Casino,Casket,Casserole,Cassette,Caster,Castor,Catacomb,Catalyst,Catamaran,Catapult,Cataract,Catcher,Catchment,Caterer,Catfish,Catheter,Cathode,Catwalk,Cauliflower,Causeway,Caveman,Cavern,Caviar,Cayenne,Celeriac,Celery,Celibate,Cellist,Cello,Cellophane,Cellphone,Censor,Centipede,Centrifuge,Centurion,Ceramic,Chaff,Chaffinch,Chainsaw,Chaise,Chalet,Chalice,Chambermaid,Chameleon,Champ,Chancellor,Chandelier,Changer,Chaplain,Char,Chard,Charger,Chariot,Charmer,Chaser,Chasm,Chassis,Chateau,Chauffeur,Cheapskate,Checkout,Cheerleader,Cheeseburger,Cheesecake,Cheetah,Chemist,Cheroot,Cherub,Chervil,Chessboard,Chestnut,Chew,Chicane,Chickpea,Chicory,Chiffon,Chime,Chimpanzee,Chinchilla,Chine,Chink,Chintz,Chisel,Chit,Chloroform,Chlorophyll,Choirboy,Choirmaster,Chooser,Chop,Chopstick,Choreographer,Chorister,Chorizo,Chough,Chow,Chowder,Chronicler,Chronometer,Chum,Chump,Churchgoer,Churn,Chute,Chutney,Cicada,Cinder,Cinnamon,Cipher,Cistern,Citadel,Citation,Citrus,Civet,Clack,Claimant,Clamp,Claret,Clarinet,Clasp,Cleaner,Cleaver,Clergyman,Cleric,Clerk,Clincher,Cling,Clinician,Clipboard,Clipper,Cloak,Cloakroom,Cloche,Clockwork,Clog,Cloisonne,Cloister,Clone,Closet,Clove,Clubhouse,Clutch,Coachman,Coating,Cobble,Cobbler,Cobweb,Cockatoo,Cocker,Cockerel,Cockle,Cockpit,Cockroach,Cocoon,Codger,Coffer,Cognac,Coil,Coke,Cola,Colander,Coleslaw,Collaborator,Collage,Collectible,Collie,Colliery,Colonel,Colonial,Colt,Columnist,Coma,Comb,Combatant,Comedienne,Comet,Comma,Commandant,Commando,Commode,Commoner,Communicator,Compact,Compartment,Compatriot,Complex,Compote,Compressor,Concertina,Conch,Concierge,Concoction,Concourse,Condenser,Condiment,Conditioner,Condom,Condor,Conduit,Confectioner,Confectionery,Confetti,Confit,Conformist,Conger,Congressman,Conjunction,Connoisseur,Conqueror,Conquistador,Console,Consolidation,Consomme,Consort,Conspirator,Constable,Constellation,Constrictor,Consul,Consulate,Containment,Contemporary,Contraband,Contraceptive,Contraption,Convener,Convent,Converter,Convertible,Convict,Coordinator,Coot,Coracle,Coral,Cordon,Corgi,Cork,Corker,Corkscrew,Cormorant,Cornerstone,Cornet,Cornice,Coroner,Coronet,Corporal,Corset,Cosmetic,Cosmologist,Cosmopolitan,Cosy,Cot,Counsel,Counterfeit,Counterfeiter,Counterpart,Counterweight,Countess,Countryman,Coupe,Coupling,Courthouse,Courtier,Courtroom,Cove,Covering,Coward,Cowgirl,Coyote,Crackpot,Cradle,Craftsman,Crag,Cramp,Crampon,Cranberry,Crank,Cranny,Crate,Crater,Crayon,Creamer,Creator,Creche,Creditor,Creek,Creel,Creeper,Crepe,Cress,Crest,Crevasse,Crewman,Crib,Cricketer,Crier,Crinoline,Cripple,Critter,Crochet,Crock,Crockery,Croft,Crofter,Croissant,Crook,Crooner,Croquette,Crossbar,Crossbow,Crossing,Crossover,Crouton,Crow,Crowbar,Crucifix,Cruet,Cruiser,Crumpet,Crusher,Crustacean,Crutch,Crux,Crypt,Cuff,Cufflink,Culvert,Cumin,Cumulus,Cunt,Cupcake,Cuppa,Curator,Curb,Curd,Curio,Curl,Curler,Curlew,Curry,Cusp,Custodian,Cutlery,Cutlet,Cutter,Cuttlefish,Cyborg,Cygnet,Cymbal,Cynic,Dagger,Dam,Dame,Dampener,Damper,Damsel,Damson,Dandruff,Daredevil,Dartboard,Darter,Dashboard,Deacon,Debtor,Debutante,Decor,Decorator,Decoy,Defendant,Defibrillator,Deity,Delegate,Delicatessen,Demonstrator,Denier,Denim,Deodorant,Dependant,Depositor,Depressive,Derelict,Descendant,Descent,Deserter,Desktop,Destroyer,Detainee,Detector,Detergent,Detonator,Detour,Detox,Detractor,Deuce,Diabetic,Diagram,Dial,Diaper,Diaphragm,Diarist,Diazepam,Dick,Dictator,Diesel,Dietician,Differential,Digger,Dildo,Dill,Dime,Dimmer,Dinghy,Dingo,Diplomat,Dipper,Dipstick,Discard,Disciple,Discus,Disguise,Dishwasher,Disinfectant,Disk,Dispatcher,Dispenser,Dissenter,Distillery,Distributor,Diva,Divider,Divinity,Divorcee,Divot,Dodgem,Dodger,Dodo,Doe,Doer,Dogsbody,Dome,Domestic,Domino,Dongle,Donna,Doorbell,Doorknob,Doormat,Doorstop,Dormer,Dormitory,Dormouse,Douche,Dove,Dragonfly,Dramatist,Draper,Drawbridge,Dray,Dredge,Dredger,Dregs,Dresser,Dressing,Dressmaker,Drift,Drinker,Drip,Driveway,Drone,Dropper,Drove,Drumstick,Drunkard,Dryer,Duchess,Duckling,Duct,Duff,Duffer,Dugong,Dugout,Dumbbell,Dummy,Dumper,Dun,Dunce,Dune,Duster,Dustpan,Dwarf,Dwelling,Dynamite,Dynamo,Earner,Earphone,Earplug,Earthworm,Earwig,Easel,Eater,Eaves,Echelon,Echo,Eclair,Ecologist,Educator,Effigy,Eggshell,Egret,Eider,Eight,Eland,Elder,Electrician,Electrode,Electromagnet,Electron,Elevation,Elevator,Elf,Elitist,Elixir,Elk,Embankment,Embellishment,Ember,Emblem,Embodiment,Embroidery,Embryo,Emigrant,Emperor,Emporium,Emu,Emulsion,Enforcer,Engraver,Engraving,Enlargement,Ensemble,Entrant,Environmentalist,Envoy,Epergne,Equine,Erection,Escalator,Escapee,Espresso,Estuary,Etcetera,Etching,Ether,Euphonium,Evacuee,Evangelist,Eve,Ewe,Examiner,Excavation,Excavator,Excellency,Executioner,Executor,Exhaust,Exhibitionist,Exhibitor,Exile,Exorcist,Expanse,Experimenter,Explosive,Exporter,Expressionist,Extinguisher,Extra,Extractor,Extremist,Extrovert,Eyeliner,Eyewitness,Facade,Facilitator,Facsimile,Falafel,Falcon,Falconer,Faller,Fanatic,Fang,Fantasist,Farmland,Farmyard,Farrier,Fascist,Fastener,Fatherhood,Fawn,Feeder,Fell,Feminist,Fencer,Fez,Fiance,Fiancee,Fielder,Fig,Figurehead,Figurine,Filigree,Filing,Filler,Filling,Filly,Filmmaker,Financier,Finch,Finder,Finery,Finial,Finisher,Firearm,Firecracker,Fireman,Firewall,First,Fisher,Fishery,Fishmonger,Fishnet,Fitter,Fixer,Fizz,Fjord,Flagon,Flagpole,Flagship,Flagstone,Flak,Flamingo,Flan,Flank,Flanker,Flannel,Flapper,Flare,Flashlight,Flask,Flatbread,Flatmate,Fledgling,Fleece,Flicker,Flier,Flint,Flintlock,Flipper,Floater,Floe,Floorboard,Flop,Florist,Floss,Flotilla,Flowerbed,Flowerpot,Flue,Fluke,Flute,Flytrap,Foal,Fob,Fodder,Foe,Foghorn,Foible,Foil,Folder,Folio,Fondant,Fondue,Foodstuff,Footbridge,Foothill,Foothold,Footman,Footstool,Footwear,Forager,Forceps,Fore,Forebear,Forecaster,Forecourt,Forefather,Foreground,Foreigner,Foreman,Foreshore,Forester,Forger,Forklift,Formula,Forte,Fortification,Fortress,Forum,Foundry,Fowl,Frangipane,Freeholder,Freemason,Fresco,Freshener,Freshman,Friar,Fricassee,Fries,Frieze,Frigate,Frill,Fritillary,Fritter,Frosting,Fruitcake,Fryer,Fucker,Fugitive,Fullback,Fulmar,Fundamentalist,Fundraiser,Funk,Funnel,Furnace,Furrow,Fury,Fuselage,Gaff,Gag,Gal,Galleon,Galley,Gallows,Gambler,Gamekeeper,Gamma,Gander,Gangster,Gangway,Gannet,Gantry,Garbage,Gargoyle,Garland,Garment,Garnish,Garrison,Garter,Gasket,Gateau,Gatehouse,Gateway,Gather,Gauge,Gauze,Gavel,Gazebo,Gazelle,Gearbox,Gecko,Geezer,Geisha,Gelding,Genealogist,Generator,Geneticist,Genie,Genre,Geographer,Geologist,Gerbil,Geyser,Ghee,Ghoul,Gibbon,Gill,Gilt,Gingerbread,Girder,Gizzard,Glacier,Gladiator,Glassmaker,Glassware,Glaze,Glen,Glider,Gluten,Glutton,Gnat,Gnome,Goalpost,Goblet,Goblin,Godfather,Godmother,Godparent,Goggles,Goldfish,Goldmine,Goliath,Goner,Gong,Gooseberry,Gorge,Goshawk,Goulash,Gourd,Governess,Gown,Grabber,Grader,Gramophone,Granary,Grandee,Grandstand,Granule,Grapefruit,Graphic,Grasshopper,Grater,Gravestone,Great,Grebe,Greengrocer,Grenade,Greyhound,Griddle,Grill,Grinder,Grindstone,Grizzly,Grocer,Grocery,Grotesque,Grotto,Groundsman,Groupie,Grouse,Grub,Gruel,Grunt,Guacamole,Guarantor,Guerrilla,Guesthouse,Guillemot,Guillotine,Guitarist,Gull,Gully,Gunman,Gurnard,Guru,Gutter,Gymnasium,Gymnast,Gypsy,Hack,Haddock,Hag,Hail,Hairbrush,Hairdressing,Hairpin,Hake,Halibut,Halter,Hamburger,Hammerhead,Hammock,Handball,Handicraft,Handkerchief,Handler,Handset,Handyman,Hanger,Hanging,Hangman,Hardback,Hardliner,Harem,Harmonica,Harness,Harp,Harpist,Harpoon,Harvester,Hash,Hatch,Hatchback,Hatchet,Hatchling,Hater,Hatpin,Haunch,Hawk,Haywire,Hazelnut,Headband,Headboard,Headdress,Headlight,Headliner,Headmaster,Headmistress,Headscarf,Headset,Hearse,Heartbreaker,Hearth,Heater,Heathen,Heavy,Heckler,Heifer,Heiress,Helix,Helm,Helping,Hem,Henchman,Heraldry,Herbivore,Herder,Heretic,Hermit,Heroine,Heron,Herpes,Herring,Hideaway,Highbrow,Hijab,Hiker,Hillside,Hilt,Hind,Hindrance,Hinge,Hippie,Hippocampus,Hippopotamus,Hitch,Hitchhiker,Hoarder,Hob,Hobbit,Hock,Hoe,Hog,Hogget,Hoist,Hollandaise,Hollow,Hologram,Homeowner,Homestead,Homo,Homosexual,Honeybee,Honeycomb,Hood,Hoper,Hopper,Hornet,Horoscope,Horseback,Horsebox,Horseman,Horseradish,Horseshoe,Hosepipe,Hospice,Hostage,Hostel,Hostess,Hotbed,Hotchpotch,Hotdog,Hotelier,Hotpot,Hotspot,Hound,Hourglass,Houseboat,Housekeeper,Housemate,Housewife,Hovel,Hovercraft,Howler,Hubcap,Hugger,Hulk,Hull,Humdinger,Hummingbird,Hummus,Humpback,Hunk,Hurdler,Husky,Hustler,Hutch,Hybrid,Hydrant,Hyena,Hypnotist,Hypocrite,Hysteric,Ibis,Iconography,Idealist,Idol,Igloo,Ignition,Iguana,Illumination,Illustration,Illustrator,Imam,Imitation,Impersonator,Implant,Importer,Imposter,Impressionist,Imprint,Improvisation,Incinerator,Inclusion,Incubator,Indicator,Industrialist,Informant,Informer,Inglenook,Ingot,Inhabitant,Inhaler,Inkstand,Inkwell,Inlay,Inlet,Inmate,Innocent,Innovator,Input,Insert,Insider,Instrumentalist,Insurgent,Intake,Intellectual,Interchange,Intercom,Interface,Intern,Intersection,Interviewee,Interviewer,Intruder,Intrusion,Invader,Invertebrate,Iodine,Ion,Iris,Ironwork,Ironworks,Islander,Jackal,Jackass,Jackdaw,Jade,Jag,Jaguar,Jailbird,Jailer,Janitor,Javelin,Jeep,Jellyfish,Jerk,Jersey,Jester,Jib,Jig,Jigger,Jigsaw,Jihadist,Jogger,Joiner,Joinery,Joist,Joker,Journal,Joystick,Juggernaut,Juggler,Juicer,Jukebox,Julienne,Jumpsuit,Junket,Junkie,Juror,Jute,Juvenile,Kale,Kaleidoscope,Kamikaze,Kangaroo,Kayak,Kazoo,Kedgeree,Keel,Keepsake,Keg,Kelp,Kennel,Keyhole,Keypad,Khaki,Kicker,Kidnapper,Kiln,Kilt,Kimono,Kingfisher,Kingmaker,Kink,Kipper,Kisser,Kitchenette,Kitsch,Kittiwake,Kiwi,Klaxon,Knacker,Knave,Knitter,Knitwear,Knob,Knocker,Koala,Kookaburra,Kosher,Krill,Kudu,Kumquat,Lace,Lackey,Lacquer,Ladle,Lager,Lagoon,Laird,Laminate,Lamppost,Lampshade,Landfall,Landfill,Landlady,Landline,Landmass,Landowner,Landscaper,Landscaping,Langoustine,Lanolin,Lantern,Lapel,Lapwing,Lard,Larder,Larva,Lasagne,Lashing,Lass,Lasso,Latex,Lathe,Lather,Latrine,Latte,Lattice,Launcher,Launderette,Laureate,Laurel,Laxative,Layman,Learner,Leash,Lectern,Lecturer,Ledge,Leech,Leftovers,Lefty,Legislator,Lemming,Lemonade,Lemur,Lentil,Leotard,Leper,Leprechaun,Lesbian,Levee,Liberal,Librarian,Licensee,Lido,Lieutenant,Lifeguard,Lifesaver,Ligament,Lightbulb,Lighter,Likeness,Limelight,Limousine,Limpet,Linchpin,Linen,Lingerie,Linguine,Linguist,Lining,Linkage,Lint,Lintel,Lioness,Lipstick,Liqueur,Liquor,Lithograph,Livery,Llama,Loafer,Lobbyist,Lobe,Loch,Locker,Locket,Locksmith,Lockup,Locomotive,Locum,Locust,Lodge,Lodger,Loin,Lollipop,Lolly,Loner,Long,Longbow,Lookout,Loon,Loophole,Lotion,Loudspeaker,Lout,Lovely,Lowland,Loyalist,Lozenge,Lug,Luge,Lumber,Lumberjack,Lunatic,Lute,Lynx,Lyricist,Macaque,Macaroni,Macaroon,Macaw,Mace,Machete,Machinist,Maestro,Maggot,Magnum,Magpie,Maharaja,Mailbox,Main,Mainstay,Maisonette,Majolica,Major,Makeup,Mallard,Mallet,Mamba,Mammoth,Manageress,Mandarin,Mandolin,Mane,Manger,Mangle,Manhole,Mannequin,Manor,Manta,Mantel,Mantis,Mantle,Maraca,Mare,Margarine,Margarita,Marimba,Marina,Marinade,Mariner,Marionette,Marjoram,Marketplace,Marksman,Marmalade,Marmoset,Maroon,Marquee,Marrow,Marsh,Marshal,Marshmallow,Marsupial,Marten,Martini,Martyr,Marzipan,Mascara,Mascarpone,Mascot,Masher,Mason,Masonry,Mast,Mastiff,Matador,Matchbox,Matchmaker,Matchstick,Mathematician,Matriarch,Matron,Mattress,Mausoleum,Maverick,Maxim,Mayonnaise,Maze,Mealworm,Meanie,Meatball,Medallion,Mediator,Medic,Mediocrity,Meerkat,Megaphone,Melon,Membrane,Menagerie,Meningitis,Mercenary,Merchandise,Mermaid,Messenger,Metalwork,Meteorite,Meteorologist,Methadone,Metronome,Mew,Mezzanine,Mezzo,Microbe,Microscope,Microwave,Midge,Migrant,Miler,Militant,Milkman,Milkshake,Millipede,Millstone,Mime,Mimic,Minaret,Mincemeat,Mincer,Mineshaft,Minibus,Minicab,Minion,Miniskirt,Ministry,Minivan,Mink,Minster,Mire,Misfit,Missionary,Missus,Mite,Mitten,Mixer,Moat,Mobile,Moderator,Modernism,Modification,Module,Mogul,Mohair,Molasses,Mole,Molehill,Mongoose,Monkfish,Monochrome,Monsieur,Moonshine,Moor,Mooring,Morgue,Morphine,Morsel,Mortar,Mosaic,Mosquito,Motel,Mothball,Motif,Motley,Motorcycle,Motorcyclist,Mound,Mount,Mountaineer,Mountainside,Mourner,Mousetrap,Moussaka,Mouthpiece,Mover,Mower,Muesli,Muff,Muffin,Mugger,Mulch,Mule,Mullet,Mural,Muse,Musket,Musketeer,Muslin,Mutant,Muzzle,Nacho,Namesake,Nanny,Nap,Napkin,Narcotic,Narrator,Narwhal,Nasturtium,National,Native,Natural,Naturalist,Nave,Navigator,Nearside,Nebula,Necessity,Neckline,Necktie,Nectarine,Needlework,Negative,Negotiator,Nemesis,Neurologist,Neuroscientist,Neurosurgeon,Neutrino,Neutron,Newcomer,Newlywed,Newsagent,Newsreader,Newsroom,Newt,Nib,Nightcap,Nightingale,Nipple,Nit,Node,Nodule,Nomad,Nook,Northerner,Nosh,Notch,Notebook,Novice,Nozzle,Nub,Nucleus,Nude,Nugget,Nun,Nunnery,Nutcracker,Nuthatch,Nutmeg,Nutritionist,Nutter,Nylon,Nymph,Oar,Oat,Oatcake,Oatmeal,Obelisk,Oboe,Observatory,Obstetrician,Obstruction,Ocelot,Offing,Offspring,Offstage,Ogre,Ointment,Okra,Oligarch,Olive,Ombudsman,Oncologist,Onlooker,Opiate,Opium,Opportunist,Oppressor,Optician,Optimist,Oracle,Orator,Organist,Originator,Ornithologist,Orphan,Orphanage,Osprey,Ostrich,Outboard,Outbuilding,Outcast,Outcrop,Outfield,Outhouse,Outpatient,Outpost,Overhang,Overhead,Overload,Overlord,Oxtail,Oystercatcher,Pacemaker,Pacifist,Packaging,Padding,Paddle,Paddy,Padlock,Pagoda,Paintball,Paintbrush,Palette,Pallet,Pan,Panacea,Panache,Pane,Pangolin,Panorama,Panpipe,Panting,Pantry,Pap,Papaya,Paperback,Paperclip,Paperweight,Paprika,Para,Parachute,Parakeet,Parapet,Paraphernalia,Parasite,Parasol,Paratrooper,Parfait,Parishioner,Parliamentarian,Parquet,Parsnip,Participant,Partition,Partridge,Passageway,Passer,Pastiche,Pastor,Patchwork,Pate,Pathogen,Pathway,Patina,Patisserie,Patriot,Pauper,Pavilion,Pawn,Pawnbroker,Peacekeeper,Peacemaker,Peasant,Pebble,Pecan,Pedal,Pedestrian,Pediment,Peeler,Pelican,Pendulum,Penicillin,Peninsula,Penknife,Penne,Pentagon,Penthouse,Peppercorn,Pepperoni,Perch,Percussionist,Peregrine,Perfectionist,Perforation,Perfumer,Periscope,Permit,Perpetrator,Personification,Pervert,Pessimist,Pest,Pestle,Pesto,Petrel,Petticoat,Pew,Pharmaceutical,Pharmacist,Pheasant,Philanthropist,Philosopher,Phosphate,Photocopier,Photon,Physicist,Physiotherapist,Pianist,Piccalilli,Picker,Picket,Pickpocket,Pickup,Piglet,Pike,Pilate,Pilchard,Pilgrim,Pillbox,Pillowcase,Pimp,Pincer,Pincushion,Ping,Pinhead,Pinnacle,Pipeline,Piper,Pipit,Piranha,Pistachio,Piston,Pitcher,Pitchfork,Pitfall,Pitta,Pivot,Pixel,Placebo,Plaice,Planking,Plankton,Planner,Plantain,Planter,Plasterboard,Plasterer,Plasterwork,Platter,Platypus,Playback,Playboy,Playhouse,Playmate,Playroom,Plaything,Pleaser,Pleat,Pliers,Plinth,Plotter,Plough,Plover,Plughole,Plume,Plywood,Poacher,Pointer,Polenta,Policewoman,Policyholder,Pollinator,Pollster,Polluter,Polo,Poltergeist,Polyester,Polygraph,Polyp,Pomegranate,Pommel,Poncho,Pontoon,Pooch,Poodle,Popcorn,Popper,Poppet,Porch,Porcupine,Porker,Porpoise,Portcullis,Porter,Portfolio,Porthole,Positive,Postgraduate,Postmaster,Pothole,Potion,Potter,Pouch,Poultry,Powerhouse,Practitioner,Pragmatist,Praline,Prankster,Preacher,Precipice,Precursor,Prefab,Prefect,Pretzel,Priestess,Prima,Primary,Primate,Principal,Printer,Prism,Private,Pro,Probe,Proboscis,Processor,Prodigy,Profiterole,Programmer,Projectile,Projection,Projector,Promenade,Promontory,Promoter,Prong,Propeller,Prophet,Prosciutto,Prosecutor,Prospector,Protege,Proton,Proxy,Prude,Prune,Pruning,Psychiatrist,Psychologist,Psychotherapist,Pterodactyl,Publican,Publicist,Publisher,Puck,Puddle,Puffer,Puffin,Pug,Puller,Pulley,Pulp,Pulsar,Puncture,Punt,Punter,Pupa,Puppeteer,Purist,Purple,Purveyor,Pusher,Pushover,Puss,Pussycat,Putter,Pygmy,Pylon,Python,Quack,Quad,Quadrant,Quail,Qualifier,Quark,Quarrel,Quarryman,Quarterback,Quay,Quiche,Quicksand,Quill,Quilt,Quince,Quirk,Quitter,Quiver,Rabbi,Raccoon,Racehorse,Racer,Racetrack,Racist,Racket,Radiator,Radiographer,Radiologist,Radish,Raft,Rafter,Ragout,Railing,Raincoat,Raisin,Rake,Ram,Rambler,Ramekin,Rampart,Ranch,Rancher,Rapid,Rapper,Raptor,Rarebit,Rasher,Ratatouille,Ratchet,Rattle,Rattlesnake,Raven,Ravine,Ravioli,Razor,Razorbill,Realist,Receiver,Receptacle,Receptionist,Recess,Recipient,Recorder,Recruiter,Redhead,Redneck,Reed,Referral,Refill,Refinery,Reflector,Reformer,Refresher,Refreshment,Refrigerator,Refuge,Registrar,Regular,Rein,Reincarnation,Relay,Relic,Remainder,Remake,Remedy,Remover,Renegade,Rep,Repeater,Replica,Repository,Reptile,Rescuer,Reservist,Respondent,Restaurateur,Restraint,Retainer,Retiree,Retort,Retriever,Revolver,Rhea,Rhinoceros,Ricer,Ricotta,Riddle,Riff,Rifleman,Rift,Rigger,Rigging,Rim,Rind,Ringer,Ringleader,Ringmaster,Ringside,Rink,Rioter,Riser,Riverbank,Rivet,Roach,Roadblock,Roadway,Robe,Rocker,Rockery,Rodent,Rodeo,Roe,Romantic,Roofer,Roofing,Rook,Roommate,Rooster,Rosette,Rostrum,Rotor,Roulade,Roulette,Roundel,Rounder,Roundhead,Roundhouse,Router,Rubbing,Rudder,Ruff,Rug,Rump,Runt,Rustler,Saboteur,Sachet,Safe,Saffron,Sage,Sahib,Sailfish,Salamander,Salami,Salesperson,Salmonella,Salver,Sampler,Sanatorium,Sandal,Sandbag,Sandbank,Sandpiper,Sandpit,Sarcophagus,Sardine,Sari,Sash,Satchel,Satin,Satirist,Saucepan,Saucer,Sauerkraut,Sauna,Savage,Saver,Sax,Saxophonist,Scab,Scabbard,Scaffold,Scaffolding,Scalpel,Scampi,Scan,Scanner,Scape,Scapegoat,Scarab,Scarecrow,Scavenger,Schmuck,Schnapps,Schnitzel,Scholar,Schoolboy,Schoolgirl,Schoolmaster,Schoolmate,Schoolteacher,Scone,Scoreboard,Scorpion,Scotch,Scourge,Scout,Scrambler,Scrapbook,Scraper,Screamer,Screening,Screenwriter,Screwdriver,Scribble,Scribe,Scriptwriter,Scrubber,Scuffle,Scull,Scullery,Sculptor,Scum,Scythe,Seabird,Seahorse,Seam,Searcher,Searchlight,Seascape,Seashell,Seashore,Seatbelt,Secateurs,Secularist,Sedan,Sedative,Sediment,Seeker,Seesaw,Segment,Selector,Semolina,Senator,Senior,Separatist,Sequin,Serf,Serpent,Server,Settee,Setter,Settler,Seven,Sewer,Sextant,Shackle,Shaft,Shag,Shaker,Shaman,Shampoo,Shank,Shard,Sharpener,Shaver,Shawl,Shearer,Shears,Shearwater,Sheath,Shed,Sheepdog,Sheeting,Shellfish,Sheriff,Sherry,Shimmy,Shin,Shipbuilder,Shipmate,Shipping,Shipwreck,Shipwright,Shipyard,Shire,Shocker,Shoebox,Shoehorn,Shoelace,Shopkeeper,Shoreline,Shortbread,Shortcut,Shotgun,Shovel,Showcase,Showgirl,Showman,Showpiece,Showroom,Shrapnel,Shredder,Shrew,Shrine,Shroud,Shunt,Shutter,Shuttle,Shuttlecock,Sickle,Sidecar,Sideline,Sidewalk,Sieve,Sifter,Sightseer,Silage,Silhouette,Sill,Silly,Silo,Silverback,Silversmith,Silverware,Simpleton,Simulator,Sinker,Sinner,Siphon,Sire,Siren,Sirloin,Sissy,Sitar,Six,Skate,Skateboard,Skateboarder,Skater,Sketchbook,Skewer,Skid,Skier,Skinhead,Skink,Skivvy,Skunk,Skydiver,Skylark,Skylight,Skyscraper,Slab,Slack,Slacker,Slacks,Slapper,Slapstick,Slash,Slat,Sled,Sleeper,Sleuth,Slicer,Slick,Slider,Sling,Slingshot,Slipper,Slit,Slob,Sloe,Slop,Sloth,Slouch,Slug,Sluice,Smallholder,Smasher,Smelter,Smokehouse,Smoker,Smokescreen,Smorgasbord,Smuggler,Snapper,Snapshot,Snare,Sneaker,Sniffer,Snip,Snipe,Sniper,Snob,Snorkel,Snout,Snowball,Snowboard,Snowboarder,Snowflake,Snowman,Snuffbox,Snuffer,Socialist,Socialite,Sociologist,Socket,Softball,Softy,Sole,Solitaire,Soloist,Solver,Sombrero,Sommelier,Sonar,Songbird,Songwriter,Sop,Soprano,Sorbet,Sorcerer,Sorrel,Souffle,Soundtrack,Southerner,Sovereign,Soy,Spa,Spacecraft,Spacesuit,Spandex,Spaniel,Spar,Spare,Sparkler,Sparrow,Spat,Spatula,Spear,Spearhead,Special,Spectacles,Speculator,Speedboat,Speedometer,Speedway,Spender,Spike,Spindle,Spinner,Spinster,Spitfire,Spiv,Splat,Splint,Splinter,Spoiler,Spoilsport,Spoke,Spokesperson,Spokeswoman,Sponsor,Spoonbill,Sporran,Sportswear,Spouse,Sprat,Spreader,Sprig,Springboard,Sprinkler,Sprinter,Sprout,Spud,Squeezer,Squib,Squid,Squire,Stagecoach,Stairway,Stairwell,Stakeholder,Stalactite,Stalker,Stallion,Standby,Standpipe,Stapler,Starboard,Starfish,Starlet,Starling,Statesman,Statistician,Steamer,Steamroller,Steed,Steelworks,Steeple,Stencil,Stent,Stepdaughter,Stepfather,Stepladder,Stepmother,Stepson,Stereo,Stethoscope,Steward,Stewardess,Stickleback,Stickler,Stiff,Stile,Stiletto,Still,Stilt,Stimulant,Stinger,Stingray,Stint,Stirrup,Stoat,Stockade,Stockbroker,Stocking,Stoker,Stoneware,Stonework,Stopwatch,Storeroom,Stork,Stout,Stove,Stowaway,Straggler,Strainer,Strait,Straitjacket,Strand,Strap,Strategist,Stratosphere,Stray,Stretcher,Stripper,Striver,Stronghold,Strongman,Strop,Strudel,Struggler,Strut,Stub,Stud,Stuffing,Stump,Sturgeon,Sty,Stylist,Subcontinent,Submariner,Subscriber,Substation,Successor,Sucker,Suede,Suet,Sufferer,Suffragette,Suitor,Sundae,Sundial,Sunglass,Sunscreen,Superbug,Supercomputer,Superior,Superman,Supermodel,Supernova,Superstructure,Supervisor,Surfboard,Surfer,Surrogate,Surveyor,Sushi,Suture,Swab,Swag,Swallow,Swamp,Swath,Swathe,Sweater,Sweatshirt,Sweeper,Sweetbread,Sweetmeat,Swell,Swift,Swimsuit,Swine,Swinger,Switchboard,Swivel,Swordfish,Swot,Synagogue,Syringe,Tablecloth,Tablespoon,Tableware,Tack,Tackler,Taco,Tactician,Tadpole,Tagliatelle,Tailback,Tailor,Talcum,Talon,Tamarind,Tambourine,Tampon,Tandem,Tangerine,Tangle,Tankard,Tanker,Tanner,Tannery,Tap,Tapa,Tapenade,Tapestry,Tapeworm,Tapioca,Tapir,Tarpaulin,Tarragon,Tart,Tartan,Tartar,Tartlet,Taskmaster,Tassel,Taster,Tavern,Taxidermist,Taxman,Teacup,Teammate,Tearaway,Teatime,Technician,Technocrat,Telegraph,Teller,Temp,Tempura,Tenderloin,Tenement,Tenor,Tentacle,Tepee,Tequila,Terminus,Termite,Tern,Terrapin,Terrier,Terrine,Testament,Tester,Thatch,Theologian,Theorist,Therapist,Thermometer,Thermostat,Thimble,Thinker,Thong,Thoroughbred,Thoroughfare,Thrall,Thrower,Thrush,Thruster,Tiara,Ticker,Tier,Tightrope,Tights,Tigress,Tiller,Timepiece,Timer,Tinfoil,Tinplate,Tinsel,Tipper,Tiramisu,Tire,Titan,Toaster,Toboggan,Toddler,Tofu,Toga,Token,Tomboy,Tonic,Toolbox,Toothbrush,Toothpaste,Toothpick,Topper,Topping,Topside,Torchbearer,Tornado,Torpedo,Torte,Tortilla,Torturer,Tosser,Totem,Toucan,Tourniquet,Towpath,Tracer,Tracker,Traditionalist,Trailblazer,Traitor,Tramline,Tramp,Trampoline,Transformer,Transistor,Translator,Transmitter,Transportation,Transvestite,Trapeze,Trapper,Trappings,Trawl,Trawler,Treacle,Tread,Treadmill,Treasurer,Treasury,Trellis,Trestle,Tribesman,Tricycle,Trifle,Trigger,Trilobite,Trimmer,Trimming,Tripe,Triplet,Tripod,Tripper,Troll,Trombone,Trooper,Trotter,Troublemaker,Trough,Trowel,Truffle,Trump,Trumpeter,Truncheon,Truss,Trustee,Tsar,Tuft,Tumbler,Tundra,Tuner,Tunic,Turban,Turbot,Tureen,Turmeric,Turnaround,Turning,Turnip,Turnstile,Turntable,Turret,Tusk,Tutu,Tux,Tweeter,Twerp,Typewriter,Typist,Tyrant,Udder,Umpire,Undercarriage,Underdog,Undergarment,Undergraduate,Underpants,Underpass,Understudy,Unfortunate,Unicorn,Unicycle,Upgrade,Upholstery,Uplift,Upright,Upset,Upstart,Urchin,Urinal,Urn,Usher,Utensil,Vagabond,Valet,Valuer,Valve,Vamp,Vandal,Vane,Vanity,Variable,Varnish,Veal,Vector,Vegan,Vegetarian,Veil,Velcro,Velodrome,Velvet,Veneer,Vent,Ventilation,Ventilator,Ventriloquist,Veranda,Verge,Vermin,Vermouth,Vertebrate,Vestment,Vestry,Viaduct,Vibrator,Videotape,Vigilante,Vignette,Villa,Vinaigrette,Vineyard,Viola,Violinist,Viper,Virgin,Visionary,Vixen,Vole,Volleyball,Voucher,Vulture,Waffle,Wag,Wagtail,Waistcoat,Waitress,Wallaby,Wallflower,Wallow,Walrus,Wand,Wanderer,Wanker,Wanton,Warbler,Warden,Warder,Warfare,Warhead,Warlock,Warlord,Warp,Warplane,Warren,Warship,Warthog,Washer,Washroom,Wasp,Watchdog,Watchmaker,Watchman,Watchtower,Watercress,Waterfall,Watermelon,Waterside,Waterway,Waterwheel,Waterworks,Wattle,Waxwork,Wayside,Weakling,Weaponry,Wearer,Weasel,Weatherman,Weaver,Webcam,Wedge,Wedgie,Weevil,Weightlifter,Weir,Welder,Wellington,Werewolf,Western,Wetland,Wetter,Whaler,Wheeler,Whelk,Whey,Whiff,Whippersnapper,Whippet,Whisker,Whiskey,Whisperer,Whistleblower,Whitewash,Wick,Wicker,Widower,Wigwam,Wildcat,Wilder,Wildfowl,Willow,Wimp,Winch,Winder,Windfall,Windmill,Windowsill,Windshield,Winery,Winger,Wingman,Wiper,Wiring,Wishbone,Wok,Wombat,Woodpecker,Woodsman,Woodwind,Woodwork,Woodworm,Wop,Wordsmith,Workaholic,Workhorse,Workman,Workmate,Workplace,Wormhole,Worrier,Wrapping,Wrasse,Wreath,Wreckage,Wrecker,Wren,Wrench,Wrestler,Wretch,Wright,Wristband,Wristwatch,Yachtsman,Yak,Yam,Yardstick,Yogurt,Yoke,Yuppie,Yurt,Zany,Zebra,Zero,Zip,Zombie,Zoologist
